270000,vertecx,nagios-plugins
270001,tmassey,QUADAUTO
270002,kiegroup,jbpm
270003,makokal,calibrate-cpp
270004,varunkashyap,num-matcher
270005,roeorr,WSD
270006,CodyHinze,Modal
270007,thoas,django-data-exporter
270008,OpenSourceBrain,VervaekeEtAl-GolgiCellNetwork
270009,rstudio,markdown
270010,sreedhap,jenkins-heroku
270011,mrmop,UserAgent
270012,b4zz4,Logo-de-Ututo
270013,MelinkJL,MelinkJLHW02
270014,mohsinriaz,popup_div
270015,youjinbou,perlin_noise
270016,skuro,sample-webapp
270017,jopdeklein,Handyplex
270018,fits,try_samples
270019,Zer0d,loadBdemo
270020,jazzqi,jazzqi.github.com
270021,hepix-virtualisation,vmcatcher
270022,liorm,PowerTools
270023,andrewmclagan,chess.io
270024,reflectivedevelopment,minion-crontab-register
270025,manueld12,Holdingpage
270026,ducciomalinverni,MinorProject
270027,fredrikeldh,homeworld
270028,sergiogonzalez,mention-notifications-hook
270029,hajaalin,modules-LMUISA
270030,simpl1g,xyz_filename_refactor
270031,seungjin-shin,dewlit
270032,kiryl,dotfiles
270033,Sciss,LucreEvent
270034,jervisfm,MS-Access-SNP-To-PDF-Converter
270035,ManuelColombo,Simplest-Gallery
270036,dragly,vasp-tools
270037,auxten,gko_pool
270038,csigg,TheDepot
270039,lukaf,uri
270040,mnarusze,ksr-chat
270041,chnm,scripto-wordpress-plugin
270042,DieReicheErethons,Warn
270043,etobi,ext-tweet_this
270044,iradiel90,STW
270045,lucasrenan,mongoid-i18n-embedded
270046,jkeshavarzi,dev-settings---scripts
270047,erdgeist,bep034
270048,mack-harris,HelloWorld
270049,itpresidents,Conditionals
270050,engelsanchez,4inline-erl
270051,jangaroo,Box2DFlashAS3
270052,pweak,jquery-template-class
270053,marcelolinhares,magento-br
270054,superna9999,hashstor
270055,Quach,TestProject
270056,thechrisfischer,util-scripts
270057,vivace-,varbr
270058,plesse,jenkinsTest
270059,driedfruit,jenkins-minimal-perfect-hash
270060,rmonico,ControleFinanceiro
270061,professor,student_project_factory
270062,JakeArnold,try_git
270063,Infogroep,joske
270064,elefantbilen,TestRepo
270065,SawyerHood,gmusicstreamer
270066,DanteNICK,ArtPuzzle
270067,JoshuaEstes,phillip
270068,GFyans,Silverlight-Imagebutton
270069,winlibs,libpng
270070,JoshuaJessery,icp
270071,vtsuperdarn,python_tutorial
270072,sineadred,first_app
270073,bermudezca,bermudezca.github.com
270074,Zazza,workapp
270075,Islandora,islandora_jwplayer
270076,hampei,omniauth-dailymile
270077,andrewspittle,Minimal-Stream
270078,mapleoin,mapleoin.github.com
270079,ksdtech,powerschool-canvas
270080,martypdx,jade-editor
270081,silverstripe-labs,silverstripe-youtubeservice
270082,wilsonsystem,Sample_App1--Wilson-App-
270083,silverstripe-labs,silverstripe-pdfgeneration
270084,silverstripe-labs,silverstripe-flickrservice
270085,silverstripe-labs,silverstripe-technoratiservice
270086,silverstripe-labs,silverstripe-shibboleth
270087,silverstripe-labs,silverstripe-newsletter
270088,Kremeniijkii,IntelChallenge
270089,bzar,gamenode
270090,silverstripe-labs,silverstripe-sharethis
270091,fancy-lang,fancy-tmbundle
270092,rachelhigley,twitter_auth
270093,silverstripe-labs,silverstripe-subversion
270094,vikas-srivastava,silverstripe-taggerfield
270095,griswoldbar,game_of_thingies
270096,stwalkerster,environment
270097,arc-teesside,WIDGaT
270098,rochgs,dotfiles
270099,hikaru0320,try_git
270100,collective,minimalplone4
270101,blaines,Framework
270102,subh007,IOS_Client
270103,mranest,YAFLeP
270104,overra,Subtle-Patterns-Chrome-Extension
270105,ehynds,grunt-remove-logging
270106,kristsauders,ATT-Developer-Events
270107,mattias-ohlsson,iprediaos-builder
270108,laslowh,datadog
270109,kamukiriri,MongoTransfer
270110,dawanda,dawanda-api-client-php
270111,appsembler,paasbakeoff
270112,middle8media,New-River-Releasing
270113,ExpressoBrowser,ExpressoBrowser
270114,pkerpedjiev,bidoin
270115,onefoursix,mrunit-example
270116,rheoli,Flickr
270117,DannyvdSluijs,Java3Week5
270118,lucianosousa,lucianosousa.github.com
270119,daic-h,rurea
270120,tonytw1,nominatim-ac
270121,italotm,ProjetoSi1InfoCarona
270122,ckaestne,TypeChef-BusyboxAnalysis
270123,alexbain,vagrant-rails
270124,ahcarpenter,lejos-pid
270125,rachelhigley,facebook_auth
270126,gotenhan,dotfiles
270127,simonb83,try_git
270128,PJayB,HTTP
270129,mzgoddard,boilerplate-has-test
270130,osinka,camel-scala-extra
270131,teriiehina,pitaphone
270132,zoggy,genet
270133,intelie,quiz
270134,karlkerem,try_git
270135,agmip,translator-dist
270136,GrantLS,TEI-Boilerplate
270137,masayuko,hiidulu
270138,skooter500,Lab-1---DIT-Games-Engines
270139,EzraM,MeteorContenteditable
270140,zyc,demo2-serpro-rc2-jaas
270141,MattSurabian,DuckHunt-JS
270142,mbmasuda,try_git
270143,kkas,sample_hello_java_with_mysql
270144,remakeelectric,owrt_pub_feeds
270145,Zabin,try_git
270146,mmlin,mpeakco
270147,bkimmel,jsRVRecursiveDescentDataInspector
270148,zupykidilo,zupykidilo.github.com
270149,charlescapps,GardenHexTD
270150,avernois,pres-codingdojo